{"train_loss_mean": [0.8835021802783012, 0.6682678508758545], "train_loss_std": [0.2960852378154782, 0.16676991895004203], "train_accuracy_mean": [0.5856666737794876, 0.6888888904452324], "train_accuracy_std": [0.14123174757224224, 0.09555555027584811], "train_loss_importance_vector_0_mean": [0.20000000298023224, 0.18666666746139526], "train_loss_importance_vector_0_std": [0.0, 0.0], "train_loss_importance_vector_1_mean": [0.20000000298023224, 0.18666666746139526], "train_loss_importance_vector_1_std": [0.0, 0.0], "train_loss_importance_vector_2_mean": [0.20000000298023224, 0.18666666746139526], "train_loss_importance_vector_2_std": [0.0, 0.0], "train_loss_importance_vector_3_mean": [0.20000000298023224, 0.18666666746139526], "train_loss_importance_vector_3_std": [0.0, 0.0], "train_loss_importance_vector_4_mean": [0.20000000298023224, 0.25333333015441895], "train_loss_importance_vector_4_std": [0.0, 0.0], "train_learning_rate_mean": [0.0010000000000000002, 0.0010000000000000002], "train_learning_rate_std": [2.168404344971009e-19, 2.168404344971009e-19], "val_loss_mean": [0.02055129743802051, 0.016309558612604937], "val_loss_std": [0.00282188471495293, 0.0027607315736119177], "val_accuracy_mean": [1.0, 1.0], "val_accuracy_std": [0.0, 0.0], "val_loss_importance_vector_0_mean": [0.20000000298023224, 0.18666666746139526], "val_loss_importance_vector_0_std": [0.0, 0.0], "val_loss_importance_vector_1_mean": [0.20000000298023224, 0.18666666746139526], "val_loss_importance_vector_1_std": [0.0, 0.0], "val_loss_importance_vector_2_mean": [0.20000000298023224, 0.18666666746139526], "val_loss_importance_vector_2_std": [0.0, 0.0], "val_loss_importance_vector_3_mean": [0.20000000298023224, 0.18666666746139526], "val_loss_importance_vector_3_std": [0.0, 0.0], "val_loss_importance_vector_4_mean": [0.20000000298023224, 0.25333333015441895], "val_loss_importance_vector_4_std": [0.0, 0.0]}